insert into customer (CustomerID, Customer_FirstName, Customer_LastName, Customer_DOB, Customer_PhoneNo, Customer_Email) values (1, 'Julie', 'Alejandro', '23-Feb-2023', '6315978924', 'jalejandro0@biglobe.ne.jp');
insert into customer (CustomerID, Customer_FirstName, Customer_LastName, Customer_DOB, Customer_PhoneNo, Customer_Email) values (2, 'Corny', 'Stihl', '26-Sep-2022', '8209511531', 'cstihl1@shinystat.com');
insert into customer (CustomerID, Customer_FirstName, Customer_LastName, Customer_DOB, Customer_PhoneNo, Customer_Email) values (3, 'Elisha', 'Orviss', '18-Apr-2022', '7884253303', 'eorviss2@phpbb.com');
insert into customer (CustomerID, Customer_FirstName, Customer_LastName, Customer_DOB, Customer_PhoneNo, Customer_Email) values (4, 'Ansley', 'Chipping', '05-Sep-2022', '7016871574', 'achipping3@businessinsider.com');
insert into customer (CustomerID, Customer_FirstName, Customer_LastName, Customer_DOB, Customer_PhoneNo, Customer_Email) values (5, 'Arvie', 'Witul', '18-Jan-2023', '9458002236', 'awitul4@tamu.edu');
insert into customer (CustomerID, Customer_FirstName, Customer_LastName, Customer_DOB, Customer_PhoneNo, Customer_Email) values (6, 'Trumaine', 'Sebire', '01-Mar-2023', '1393378393', 'tsebire5@lulu.com');
insert into customer (CustomerID, Customer_FirstName, Customer_LastName, Customer_DOB, Customer_PhoneNo, Customer_Email) values (7, 'Melesa', 'Kestian', '19-May-2022', '5213304477', 'mkestian6@deliciousdays.com');
insert into customer (CustomerID, Customer_FirstName, Customer_LastName, Customer_DOB, Customer_PhoneNo, Customer_Email) values (8, 'Cornell', 'Oakly', '25-Sep-2022', '8329512900', 'coakly7@whitehouse.gov');
insert into customer (CustomerID, Customer_FirstName, Customer_LastName, Customer_DOB, Customer_PhoneNo, Customer_Email) values (9, 'Othella', 'Melby', '25-Jul-2022', '8743705270', 'omelby8@wordpress.org');
insert into customer (CustomerID, Customer_FirstName, Customer_LastName, Customer_DOB, Customer_PhoneNo, Customer_Email) values (10, 'Ashia', 'Hacquard', '19-Dec-2022', '9038018324', 'ahacquard9@nydailynews.com');
insert into customer (CustomerID, Customer_FirstName, Customer_LastName, Customer_DOB, Customer_PhoneNo, Customer_Email) values (11, 'Granger', 'Belshaw', '15-Nov-2022', '9087145557', 'gbelshawa@cpanel.net');
insert into customer (CustomerID, Customer_FirstName, Customer_LastName, Customer_DOB, Customer_PhoneNo, Customer_Email) values (12, 'Jeralee', 'Jiles', '05-Dec-2022', '4179574038', 'jjilesb@seattletimes.com');
insert into customer (CustomerID, Customer_FirstName, Customer_LastName, Customer_DOB, Customer_PhoneNo, Customer_Email) values (13, 'Betsy', 'Brumbie', '05-Nov-2022', '6911458497', 'bbrumbiec@smugmug.com');
insert into customer (CustomerID, Customer_FirstName, Customer_LastName, Customer_DOB, Customer_PhoneNo, Customer_Email) values (14, 'Lorilee', 'Preto', '01-Dec-2022', '2741075204', 'lpretod@prweb.com');
insert into customer (CustomerID, Customer_FirstName, Customer_LastName, Customer_DOB, Customer_PhoneNo, Customer_Email) values (15, 'Berke', 'Maevela', '23-May-2022', '9079553557', 'bmaevelae@google.it');
insert into customer (CustomerID, Customer_FirstName, Customer_LastName, Customer_DOB, Customer_PhoneNo, Customer_Email) values (16, 'Lolita', 'Topaz', '30-Apr-2022', '8349825307', 'ltopazf@photobucket.com');
insert into customer (CustomerID, Customer_FirstName, Customer_LastName, Customer_DOB, Customer_PhoneNo, Customer_Email) values (17, 'Brooke', 'Pyatt', '25-Feb-2023', '8409679214', 'bpyattg@chron.com');
insert into customer (CustomerID, Customer_FirstName, Customer_LastName, Customer_DOB, Customer_PhoneNo, Customer_Email) values (18, 'Marti', 'Jakoviljevic', '22-Nov-2022', '9184058206', 'mjakoviljevich@ovh.net');
insert into customer (CustomerID, Customer_FirstName, Customer_LastName, Customer_DOB, Customer_PhoneNo, Customer_Email) values (19, 'Kania', 'Kobiela', '05-Dec-2022', '3339402403', 'kkobielai@homestead.com');
insert into customer (CustomerID, Customer_FirstName, Customer_LastName, Customer_DOB, Customer_PhoneNo, Customer_Email) values (20, 'Bobbie', 'Drugan', '08-Apr-2022', '1185739454', 'bdruganj@omniture.com');
insert into customer (CustomerID, Customer_FirstName, Customer_LastName, Customer_DOB, Customer_PhoneNo, Customer_Email) values (21, 'Luce', 'Mundwell', '24-Feb-2023', '5961591468', 'lmundwellk@dagondesign.com');
insert into customer (CustomerID, Customer_FirstName, Customer_LastName, Customer_DOB, Customer_PhoneNo, Customer_Email) values (22, 'Hakim', 'Wybourne', '09-Apr-2022', '9079708638', 'hwybournel@loc.gov');
insert into customer (CustomerID, Customer_FirstName, Customer_LastName, Customer_DOB, Customer_PhoneNo, Customer_Email) values (23, 'Pepito', 'Bremeyer', '12-Jul-2022', '1454058653', 'pbremeyerm@issuu.com');
insert into customer (CustomerID, Customer_FirstName, Customer_LastName, Customer_DOB, Customer_PhoneNo, Customer_Email) values (24, 'Rania', 'Dulake', '16-Jul-2022', '7863419451', 'rdulaken@multiply.com');
insert into customer (CustomerID, Customer_FirstName, Customer_LastName, Customer_DOB, Customer_PhoneNo, Customer_Email) values (25, 'Conn', 'Yukhnini', '09-Jul-2022', '8413704016', 'cyukhninio@ocn.ne.jp');
insert into customer (CustomerID, Customer_FirstName, Customer_LastName, Customer_DOB, Customer_PhoneNo, Customer_Email) values (26, 'Nadean', 'Simoneton', '12-Oct-2022', '5163512339', 'nsimonetonp@ox.ac.uk');
insert into customer (CustomerID, Customer_FirstName, Customer_LastName, Customer_DOB, Customer_PhoneNo, Customer_Email) values (27, 'Star', 'Bosomworth', '20-Dec-2022', '3379866367', 'sbosomworthq@china.com.cn');
insert into customer (CustomerID, Customer_FirstName, Customer_LastName, Customer_DOB, Customer_PhoneNo, Customer_Email) values (28, 'Sabra', 'Haveline', '08-May-2022', '8105483475', 'shaveliner@biblegateway.com');
insert into customer (CustomerID, Customer_FirstName, Customer_LastName, Customer_DOB, Customer_PhoneNo, Customer_Email) values (29, 'Ailey', 'Rozsa', '07-Jan-2023', '7212387599', 'arozsas@furl.net');
insert into customer (CustomerID, Customer_FirstName, Customer_LastName, Customer_DOB, Customer_PhoneNo, Customer_Email) values (30, 'Regan', 'Dominelli', '02-Aug-2022', '6806773281', 'rdominellit@hubpages.com');
insert into customer (CustomerID, Customer_FirstName, Customer_LastName, Customer_DOB, Customer_PhoneNo, Customer_Email) values (31, 'Shirlene', 'Izatson', '24-Sep-2022', '3686014943', 'sizatsonu@is.gd');
insert into customer (CustomerID, Customer_FirstName, Customer_LastName, Customer_DOB, Customer_PhoneNo, Customer_Email) values (32, 'Malissia', 'Burroughes', '13-Nov-2022', '4618869654', 'mburroughesv@upenn.edu');
insert into customer (CustomerID, Customer_FirstName, Customer_LastName, Customer_DOB, Customer_PhoneNo, Customer_Email) values (33, 'Humphrey', 'Smewing', '29-Jul-2022', '3461294075', 'hsmewingw@blogtalkradio.com');
insert into customer (CustomerID, Customer_FirstName, Customer_LastName, Customer_DOB, Customer_PhoneNo, Customer_Email) values (34, 'Demott', 'Johann', '23-Feb-2023', '5184555960', 'djohannx@npr.org');
insert into customer (CustomerID, Customer_FirstName, Customer_LastName, Customer_DOB, Customer_PhoneNo, Customer_Email) values (35, 'Mari', 'Brute', '12-Jan-2023', '5901553071', 'mbrutey@wikimedia.org');
insert into customer (CustomerID, Customer_FirstName, Customer_LastName, Customer_DOB, Customer_PhoneNo, Customer_Email) values (36, 'Any', 'Whacket', '22-Jul-2022', '8781807884', 'awhacketz@salon.com');
insert into customer (CustomerID, Customer_FirstName, Customer_LastName, Customer_DOB, Customer_PhoneNo, Customer_Email) values (37, 'Sheelagh', 'Balding', '13-May-2022', '6595774874', 'sbalding10@1und1.de');
insert into customer (CustomerID, Customer_FirstName, Customer_LastName, Customer_DOB, Customer_PhoneNo, Customer_Email) values (38, 'Matthieu', 'Scholtz', '19-Sep-2022', '5758802630', 'mscholtz11@discuz.net');
insert into customer (CustomerID, Customer_FirstName, Customer_LastName, Customer_DOB, Customer_PhoneNo, Customer_Email) values (39, 'Kellie', 'Liver', '16-Apr-2022', '3078165582', 'kliver12@google.es');
insert into customer (CustomerID, Customer_FirstName, Customer_LastName, Customer_DOB, Customer_PhoneNo, Customer_Email) values (40, 'Goran', 'McCarl', '14-Jan-2023', '2345353758', 'gmccarl13@oracle.com');
insert into customer (CustomerID, Customer_FirstName, Customer_LastName, Customer_DOB, Customer_PhoneNo, Customer_Email) values (41, 'Nanette', 'Stancer', '12-Feb-2023', '2397521388', 'nstancer14@cargocollective.com');
insert into customer (CustomerID, Customer_FirstName, Customer_LastName, Customer_DOB, Customer_PhoneNo, Customer_Email) values (42, 'Willette', 'Hanford', '25-Aug-2022', '4656483105', 'whanford15@shutterfly.com');
insert into customer (CustomerID, Customer_FirstName, Customer_LastName, Customer_DOB, Customer_PhoneNo, Customer_Email) values (43, 'Elinore', 'Spirritt', '26-Jun-2022', '5182719435', 'espirritt16@imageshack.us');
insert into customer (CustomerID, Customer_FirstName, Customer_LastName, Customer_DOB, Customer_PhoneNo, Customer_Email) values (44, 'Cherida', 'Dauby', '19-Jan-2023', '6321721269', 'cdauby17@google.pl');
insert into customer (CustomerID, Customer_FirstName, Customer_LastName, Customer_DOB, Customer_PhoneNo, Customer_Email) values (45, 'Merrili', 'Hollingsbee', '05-Jun-2022', '2526951197', 'mhollingsbee18@woothemes.com');
insert into customer (CustomerID, Customer_FirstName, Customer_LastName, Customer_DOB, Customer_PhoneNo, Customer_Email) values (46, 'Bruis', 'Gauchier', '18-Jun-2022', '6632033370', 'bgauchier19@jigsy.com');
insert into customer (CustomerID, Customer_FirstName, Customer_LastName, Customer_DOB, Customer_PhoneNo, Customer_Email) values (47, 'Hali', 'Kaser', '07-Apr-2022', '6353017184', 'hkaser1a@phoca.cz');
insert into customer (CustomerID, Customer_FirstName, Customer_LastName, Customer_DOB, Customer_PhoneNo, Customer_Email) values (48, 'Preston', 'Coggell', '25-Aug-2022', '9166985534', 'pcoggell1b@skype.com');
insert into customer (CustomerID, Customer_FirstName, Customer_LastName, Customer_DOB, Customer_PhoneNo, Customer_Email) values (49, 'Edsel', 'Gooder', '08-Aug-2022', '2615073457', 'egooder1c@cargocollective.com');
insert into customer (CustomerID, Customer_FirstName, Customer_LastName, Customer_DOB, Customer_PhoneNo, Customer_Email) values (50, 'Sophie', 'Delete', '27-Oct-2022', '3662689591', 'sdelete1d@reuters.com');
insert into customer (CustomerID, Customer_FirstName, Customer_LastName, Customer_DOB, Customer_PhoneNo, Customer_Email) values (51, 'Paquito', 'O''Dennehy', '03-Nov-2022', '4752688171', 'podennehy1e@meetup.com');
insert into customer (CustomerID, Customer_FirstName, Customer_LastName, Customer_DOB, Customer_PhoneNo, Customer_Email) values (52, 'Kermy', 'Cooley', '02-Jun-2022', '9016569584', 'kcooley1f@accuweather.com');
insert into customer (CustomerID, Customer_FirstName, Customer_LastName, Customer_DOB, Customer_PhoneNo, Customer_Email) values (53, 'Coleen', 'Harbertson', '22-Nov-2022', '1776456334', 'charbertson1g@utexas.edu');
insert into customer (CustomerID, Customer_FirstName, Customer_LastName, Customer_DOB, Customer_PhoneNo, Customer_Email) values (54, 'Vinni', 'Beckingham', '06-Jan-2023', '8732069335', 'vbeckingham1h@bluehost.com');
insert into customer (CustomerID, Customer_FirstName, Customer_LastName, Customer_DOB, Customer_PhoneNo, Customer_Email) values (55, 'Bradney', 'Kovacs', '04-Apr-2022', '2444849289', 'bkovacs1i@prnewswire.com');
insert into customer (CustomerID, Customer_FirstName, Customer_LastName, Customer_DOB, Customer_PhoneNo, Customer_Email) values (56, 'Adlai', 'Sallings', '14-Nov-2022', '8725010068', 'asallings1j@amazon.de');
insert into customer (CustomerID, Customer_FirstName, Customer_LastName, Customer_DOB, Customer_PhoneNo, Customer_Email) values (57, 'Lindie', 'Mulrean', '19-Mar-2023', '2525562854', 'lmulrean1k@geocities.jp');
insert into customer (CustomerID, Customer_FirstName, Customer_LastName, Customer_DOB, Customer_PhoneNo, Customer_Email) values (58, 'Nonna', 'Clarkson', '29-Dec-2022', '9986262562', 'nclarkson1l@berkeley.edu');
insert into customer (CustomerID, Customer_FirstName, Customer_LastName, Customer_DOB, Customer_PhoneNo, Customer_Email) values (59, 'Patsy', 'Tatham', '14-May-2022', '6885503044', 'ptatham1m@macromedia.com');
insert into customer (CustomerID, Customer_FirstName, Customer_LastName, Customer_DOB, Customer_PhoneNo, Customer_Email) values (60, 'Bertram', 'Pankhurst.', '09-Jan-2023', '7724817117', 'bpankhurst1n@google.fr');
insert into customer (CustomerID, Customer_FirstName, Customer_LastName, Customer_DOB, Customer_PhoneNo, Customer_Email) values (61, 'Korry', 'Marflitt', '27-Sep-2022', '1076621515', 'kmarflitt1o@ycombinator.com');
insert into customer (CustomerID, Customer_FirstName, Customer_LastName, Customer_DOB, Customer_PhoneNo, Customer_Email) values (62, 'Jorry', 'Spritt', '06-Oct-2022', '4135799988', 'jspritt1p@patch.com');
insert into customer (CustomerID, Customer_FirstName, Customer_LastName, Customer_DOB, Customer_PhoneNo, Customer_Email) values (63, 'Ikey', 'Fairholme', '08-Aug-2022', '6296116710', 'ifairholme1q@de.vu');
insert into customer (CustomerID, Customer_FirstName, Customer_LastName, Customer_DOB, Customer_PhoneNo, Customer_Email) values (64, 'Vyky', 'Amy', '30-Sep-2022', '9042254792', 'vamy1r@usnews.com');
insert into customer (CustomerID, Customer_FirstName, Customer_LastName, Customer_DOB, Customer_PhoneNo, Customer_Email) values (65, 'Karyl', 'Tulleth', '08-Oct-2022', '7529522560', 'ktulleth1s@friendfeed.com');
insert into customer (CustomerID, Customer_FirstName, Customer_LastName, Customer_DOB, Customer_PhoneNo, Customer_Email) values (66, 'Farris', 'Vicent', '12-Apr-2022', '6744783055', 'fvicent1t@cdc.gov');
insert into customer (CustomerID, Customer_FirstName, Customer_LastName, Customer_DOB, Customer_PhoneNo, Customer_Email) values (67, 'Yuri', 'Gingold', '01-Apr-2022', '1684967011', 'ygingold1u@cargocollective.com');
insert into customer (CustomerID, Customer_FirstName, Customer_LastName, Customer_DOB, Customer_PhoneNo, Customer_Email) values (68, 'Marji', 'Messer', '16-Jul-2022', '5225658163', 'mmesser1v@imgur.com');
insert into customer (CustomerID, Customer_FirstName, Customer_LastName, Customer_DOB, Customer_PhoneNo, Customer_Email) values (69, 'Manuel', 'Midgley', '29-Mar-2022', '3467052781', 'mmidgley1w@elpais.com');
insert into customer (CustomerID, Customer_FirstName, Customer_LastName, Customer_DOB, Customer_PhoneNo, Customer_Email) values (70, 'Yuri', 'Dooney', '02-Feb-2023', '7766441822', 'ydooney1x@parallels.com');
insert into customer (CustomerID, Customer_FirstName, Customer_LastName, Customer_DOB, Customer_PhoneNo, Customer_Email) values (71, 'Sandye', 'Skein', '31-Mar-2022', '2594726567', 'sskein1y@apache.org');
insert into customer (CustomerID, Customer_FirstName, Customer_LastName, Customer_DOB, Customer_PhoneNo, Customer_Email) values (72, 'Guillemette', 'Sempill', '03-Nov-2022', '9269170021', 'gsempill1z@wisc.edu');
insert into customer (CustomerID, Customer_FirstName, Customer_LastName, Customer_DOB, Customer_PhoneNo, Customer_Email) values (73, 'Brok', 'Bowker', '04-Dec-2022', '6119913762', 'bbowker20@discuz.net');
insert into customer (CustomerID, Customer_FirstName, Customer_LastName, Customer_DOB, Customer_PhoneNo, Customer_Email) values (74, 'Fredi', 'Shire', '09-Sep-2022', '4378824516', 'fshire21@meetup.com');
insert into customer (CustomerID, Customer_FirstName, Customer_LastName, Customer_DOB, Customer_PhoneNo, Customer_Email) values (75, 'Lucy', 'Heinig', '18-Nov-2022', '5115520410', 'lheinig22@slashdot.org');
insert into customer (CustomerID, Customer_FirstName, Customer_LastName, Customer_DOB, Customer_PhoneNo, Customer_Email) values (76, 'Dana', 'Chasemore', '06-Oct-2022', '7118987485', 'dchasemore23@bbb.org');
insert into customer (CustomerID, Customer_FirstName, Customer_LastName, Customer_DOB, Customer_PhoneNo, Customer_Email) values (77, 'Renae', 'Semken', '12-May-2022', '4457880533', 'rsemken24@about.me');
insert into customer (CustomerID, Customer_FirstName, Customer_LastName, Customer_DOB, Customer_PhoneNo, Customer_Email) values (78, 'Emanuel', 'L'' Estrange', '23-Mar-2023', '9501650712', 'elestrange25@vkontakte.ru');
insert into customer (CustomerID, Customer_FirstName, Customer_LastName, Customer_DOB, Customer_PhoneNo, Customer_Email) values (79, 'Kaitlynn', 'Gyer', '28-Jun-2022', '5283795705', 'kgyer26@businesswire.com');
insert into customer (CustomerID, Customer_FirstName, Customer_LastName, Customer_DOB, Customer_PhoneNo, Customer_Email) values (80, 'Jessica', 'Forsbey', '04-Jun-2022', '1773800782', 'jforsbey27@biglobe.ne.jp');
insert into customer (CustomerID, Customer_FirstName, Customer_LastName, Customer_DOB, Customer_PhoneNo, Customer_Email) values (81, 'Enriqueta', 'Bellocht', '21-Apr-2022', '5714910429', 'ebellocht28@linkedin.com');
insert into customer (CustomerID, Customer_FirstName, Customer_LastName, Customer_DOB, Customer_PhoneNo, Customer_Email) values (82, 'Abelard', 'Ballendine', '09-Oct-2022', '3727653690', 'aballendine29@creativecommons.org');
insert into customer (CustomerID, Customer_FirstName, Customer_LastName, Customer_DOB, Customer_PhoneNo, Customer_Email) values (83, 'Carlota', 'McCard', '12-Feb-2023', '4052575398', 'cmccard2a@newyorker.com');
insert into customer (CustomerID, Customer_FirstName, Customer_LastName, Customer_DOB, Customer_PhoneNo, Customer_Email) values (84, 'Sheeree', 'Wrightson', '18-Apr-2022', '9783869183', 'swrightson2b@typepad.com');
insert into customer (CustomerID, Customer_FirstName, Customer_LastName, Customer_DOB, Customer_PhoneNo, Customer_Email) values (85, 'Tremain', 'Wormstone', '08-Apr-2022', '9376739060', 'twormstone2c@typepad.com');
insert into customer (CustomerID, Customer_FirstName, Customer_LastName, Customer_DOB, Customer_PhoneNo, Customer_Email) values (86, 'Mohandas', 'Whittlesey', '26-Jan-2023', '7785550347', 'mwhittlesey2d@google.nl');
insert into customer (CustomerID, Customer_FirstName, Customer_LastName, Customer_DOB, Customer_PhoneNo, Customer_Email) values (87, 'Conni', 'Berrey', '30-Oct-2022', '3155970719', 'cberrey2e@xing.com');
insert into customer (CustomerID, Customer_FirstName, Customer_LastName, Customer_DOB, Customer_PhoneNo, Customer_Email) values (88, 'Desdemona', 'Eslinger', '03-Jun-2022', '1373342716', 'deslinger2f@yahoo.com');
insert into customer (CustomerID, Customer_FirstName, Customer_LastName, Customer_DOB, Customer_PhoneNo, Customer_Email) values (89, 'Niel', 'Popplewell', '11-May-2022', '4964861222', 'npopplewell2g@amazon.de');
insert into customer (CustomerID, Customer_FirstName, Customer_LastName, Customer_DOB, Customer_PhoneNo, Customer_Email) values (90, 'Anjela', 'Briscow', '22-May-2022', '8978823689', 'abriscow2h@hhs.gov');
insert into customer (CustomerID, Customer_FirstName, Customer_LastName, Customer_DOB, Customer_PhoneNo, Customer_Email) values (91, 'Stoddard', 'Treverton', '26-May-2022', '9526154683', 'streverton2i@edublogs.org');
insert into customer (CustomerID, Customer_FirstName, Customer_LastName, Customer_DOB, Customer_PhoneNo, Customer_Email) values (92, 'Berenice', 'Scragg', '29-Oct-2022', '9323710692', 'bscragg2j@twitter.com');
insert into customer (CustomerID, Customer_FirstName, Customer_LastName, Customer_DOB, Customer_PhoneNo, Customer_Email) values (93, 'Loree', 'Sullens', '05-Dec-2022', '6716411927', 'lsullens2k@pbs.org');
insert into customer (CustomerID, Customer_FirstName, Customer_LastName, Customer_DOB, Customer_PhoneNo, Customer_Email) values (94, 'Nicholle', 'McColgan', '01-Apr-2022', '6363988154', 'nmccolgan2l@auda.org.au');
insert into customer (CustomerID, Customer_FirstName, Customer_LastName, Customer_DOB, Customer_PhoneNo, Customer_Email) values (95, 'Philippe', 'Dunsmore', '07-Aug-2022', '5664729290', 'pdunsmore2m@irs.gov');
insert into customer (CustomerID, Customer_FirstName, Customer_LastName, Customer_DOB, Customer_PhoneNo, Customer_Email) values (96, 'Godfrey', 'Folomkin', '11-Sep-2022', '5595733222', 'gfolomkin2n@yellowbook.com');
insert into customer (CustomerID, Customer_FirstName, Customer_LastName, Customer_DOB, Customer_PhoneNo, Customer_Email) values (97, 'Jemimah', 'Godsal', '08-Jun-2022', '8035561608', 'jgodsal2o@freewebs.com');
insert into customer (CustomerID, Customer_FirstName, Customer_LastName, Customer_DOB, Customer_PhoneNo, Customer_Email) values (98, 'Cherie', 'Forward', '03-Apr-2022', '5354591008', 'cforward2p@wordpress.com');
insert into customer (CustomerID, Customer_FirstName, Customer_LastName, Customer_DOB, Customer_PhoneNo, Customer_Email) values (99, 'Shaine', 'Robertsen', '29-Jun-2022', '9932137698', 'srobertsen2q@google.com.hk');
insert into customer (CustomerID, Customer_FirstName, Customer_LastName, Customer_DOB, Customer_PhoneNo, Customer_Email) values (100, 'Tamas', 'Inwood', '06-May-2022', '1399611774', 'tinwood2r@merriam-webster.com');

insert into customer_address (CustomerAdd_ID, CustomerID, Street, State, City, Zip) values (1, 12, '57 Porter Alley', 'California', 'San Diego', '92127');
insert into customer_address (CustomerAdd_ID, CustomerID, Street, State, City, Zip) values (2, 48, '63 Prentice Plaza', 'Pennsylvania', 'Pittsburgh', '15286');
insert into customer_address (CustomerAdd_ID, CustomerID, Street, State, City, Zip) values (3, 35, '72041 Briar Crest Road', 'Tennessee', 'Memphis', '38143');
insert into customer_address (CustomerAdd_ID, CustomerID, Street, State, City, Zip) values (4, 93, '5860 Service Lane', 'West Virginia', 'Huntington', '25726');
insert into customer_address (CustomerAdd_ID, CustomerID, Street, State, City, Zip) values (5, 16, '3 Orin Plaza', 'California', 'Inglewood', '90305');
insert into customer_address (CustomerAdd_ID, CustomerID, Street, State, City, Zip) values (6, 92, '1354 Pawling Court', 'Arizona', 'Phoenix', '85010');
insert into customer_address (CustomerAdd_ID, CustomerID, Street, State, City, Zip) values (7, 23, '5564 Muir Place', 'Florida', 'Panama City', '32405');
insert into customer_address (CustomerAdd_ID, CustomerID, Street, State, City, Zip) values (8, 94, '5 Morning Avenue', 'New Jersey', 'Newark', '07188');
insert into customer_address (CustomerAdd_ID, CustomerID, Street, State, City, Zip) values (9, 44, '9 Carioca Street', 'Missouri', 'Kansas City', '64199');
insert into customer_address (CustomerAdd_ID, CustomerID, Street, State, City, Zip) values (10, 9, '3 Melby Road', 'Arkansas', 'Fort Smith', '72916');
insert into customer_address (CustomerAdd_ID, CustomerID, Street, State, City, Zip) values (11, 29, '563 Green Ridge Terrace', 'Pennsylvania', 'Levittown', '19058');
insert into customer_address (CustomerAdd_ID, CustomerID, Street, State, City, Zip) values (12, 85, '7 Hoepker Pass', 'California', 'Santa Barbara', '93106');
insert into customer_address (CustomerAdd_ID, CustomerID, Street, State, City, Zip) values (13, 69, '41539 Division Way', 'Florida', 'Miami', '33147');
insert into customer_address (CustomerAdd_ID, CustomerID, Street, State, City, Zip) values (14, 98, '91 Jana Road', 'California', 'Pasadena', '91199');
insert into customer_address (CustomerAdd_ID, CustomerID, Street, State, City, Zip) values (15, 83, '116 Sachtjen Street', 'Texas', 'Waco', '76705');
insert into customer_address (CustomerAdd_ID, CustomerID, Street, State, City, Zip) values (16, 22, '90995 Golf View Crossing', 'Florida', 'Delray Beach', '33448');
insert into customer_address (CustomerAdd_ID, CustomerID, Street, State, City, Zip) values (17, 54, '974 Garrison Pass', 'Missouri', 'Kansas City', '64199');
insert into customer_address (CustomerAdd_ID, CustomerID, Street, State, City, Zip) values (18, 29, '48 Northview Junction', 'New York', 'New York City', '10024');
insert into customer_address (CustomerAdd_ID, CustomerID, Street, State, City, Zip) values (19, 4, '7 Anniversary Place', 'New Jersey', 'Trenton', '08608');
insert into customer_address (CustomerAdd_ID, CustomerID, Street, State, City, Zip) values (20, 33, '47659 Crescent Oaks Road', 'Arizona', 'Phoenix', '85083');
insert into customer_address (CustomerAdd_ID, CustomerID, Street, State, City, Zip) values (21, 72, '458 Cardinal Point', 'Colorado', 'Denver', '80243');
insert into customer_address (CustomerAdd_ID, CustomerID, Street, State, City, Zip) values (22, 29, '8 Iowa Court', 'California', 'Oakland', '94605');
insert into customer_address (CustomerAdd_ID, CustomerID, Street, State, City, Zip) values (23, 45, '95494 Pierstorff Center', 'New York', 'Rochester', '14639');
insert into customer_address (CustomerAdd_ID, CustomerID, Street, State, City, Zip) values (24, 27, '58256 Marcy Avenue', 'Michigan', 'Dearborn', '48126');
insert into customer_address (CustomerAdd_ID, CustomerID, Street, State, City, Zip) values (25, 20, '0220 Katie Parkway', 'California', 'Redwood City', '94064');
insert into customer_address (CustomerAdd_ID, CustomerID, Street, State, City, Zip) values (26, 86, '489 Judy Plaza', 'Pennsylvania', 'Philadelphia', '19125');
insert into customer_address (CustomerAdd_ID, CustomerID, Street, State, City, Zip) values (27, 26, '3 Mcguire Circle', 'Missouri', 'Independence', '64054');
insert into customer_address (CustomerAdd_ID, CustomerID, Street, State, City, Zip) values (28, 89, '6048 Melody Alley', 'New York', 'Buffalo', '14263');
insert into customer_address (CustomerAdd_ID, CustomerID, Street, State, City, Zip) values (29, 31, '9 Comanche Crossing', 'New Jersey', 'Trenton', '08695');
insert into customer_address (CustomerAdd_ID, CustomerID, Street, State, City, Zip) values (30, 55, '364 Mifflin Trail', 'Washington', 'Seattle', '98158');
insert into customer_address (CustomerAdd_ID, CustomerID, Street, State, City, Zip) values (31, 62, '941 Chinook Plaza', 'Texas', 'Houston', '77065');
insert into customer_address (CustomerAdd_ID, CustomerID, Street, State, City, Zip) values (32, 23, '23610 Carey Parkway', 'California', 'Fresno', '93773');
insert into customer_address (CustomerAdd_ID, CustomerID, Street, State, City, Zip) values (33, 98, '58 Nelson Hill', 'Missouri', 'Saint Louis', '63158');
insert into customer_address (CustomerAdd_ID, CustomerID, Street, State, City, Zip) values (34, 9, '7 Brown Junction', 'New York', 'Brooklyn', '11231');
insert into customer_address (CustomerAdd_ID, CustomerID, Street, State, City, Zip) values (35, 99, '05 Hooker Hill', 'California', 'San Francisco', '94105');
insert into customer_address (CustomerAdd_ID, CustomerID, Street, State, City, Zip) values (36, 39, '098 Burrows Point', 'Florida', 'Tallahassee', '32304');
insert into customer_address (CustomerAdd_ID, CustomerID, Street, State, City, Zip) values (37, 84, '88074 Loftsgordon Road', 'Florida', 'Miami', '33169');
insert into customer_address (CustomerAdd_ID, CustomerID, Street, State, City, Zip) values (38, 83, '78258 Hoffman Lane', 'Missouri', 'Kansas City', '64199');
insert into customer_address (CustomerAdd_ID, CustomerID, Street, State, City, Zip) values (39, 79, '5 Division Hill', 'Kansas', 'Shawnee Mission', '66286');
insert into customer_address (CustomerAdd_ID, CustomerID, Street, State, City, Zip) values (40, 52, '4657 Leroy Way', 'Florida', 'Gainesville', '32605');
insert into customer_address (CustomerAdd_ID, CustomerID, Street, State, City, Zip) values (41, 42, '94045 Jenifer Road', 'Colorado', 'Boulder', '80328');
insert into customer_address (CustomerAdd_ID, CustomerID, Street, State, City, Zip) values (42, 90, '29193 Judy Terrace', 'Florida', 'Miami', '33261');
insert into customer_address (CustomerAdd_ID, CustomerID, Street, State, City, Zip) values (43, 29, '9 La Follette Alley', 'New York', 'New York City', '10175');
insert into customer_address (CustomerAdd_ID, CustomerID, Street, State, City, Zip) values (44, 43, '05319 Ridgeview Junction', 'Florida', 'Homestead', '33034');
insert into customer_address (CustomerAdd_ID, CustomerID, Street, State, City, Zip) values (45, 97, '803 Rigney Parkway', 'California', 'Brea', '92822');
insert into customer_address (CustomerAdd_ID, CustomerID, Street, State, City, Zip) values (46, 33, '361 Hintze Court', 'North Carolina', 'Wilmington', '28405');
insert into customer_address (CustomerAdd_ID, CustomerID, Street, State, City, Zip) values (47, 54, '007 Bayside Drive', 'Nevada', 'Reno', '89519');
insert into customer_address (CustomerAdd_ID, CustomerID, Street, State, City, Zip) values (48, 36, '1 Vidon Street', 'Ohio', 'Cleveland', '44105');
insert into customer_address (CustomerAdd_ID, CustomerID, Street, State, City, Zip) values (49, 2, '9794 Union Trail', 'Michigan', 'Kalamazoo', '49006');
insert into customer_address (CustomerAdd_ID, CustomerID, Street, State, City, Zip) values (50, 98, '7 American Ash Plaza', 'Washington', 'Tacoma', '98464');
insert into customer_address (CustomerAdd_ID, CustomerID, Street, State, City, Zip) values (51, 31, '394 7th Alley', 'Texas', 'San Angelo', '76905');
insert into customer_address (CustomerAdd_ID, CustomerID, Street, State, City, Zip) values (52, 26, '85798 Lillian Pass', 'Virginia', 'Alexandria', '22333');
insert into customer_address (CustomerAdd_ID, CustomerID, Street, State, City, Zip) values (53, 27, '7 Hanover Lane', 'Arizona', 'Glendale', '85311');
insert into customer_address (CustomerAdd_ID, CustomerID, Street, State, City, Zip) values (54, 13, '0818 Superior Terrace', 'New Jersey', 'Jersey City', '07305');
insert into customer_address (CustomerAdd_ID, CustomerID, Street, State, City, Zip) values (55, 99, '3604 Welch Lane', 'Alabama', 'Anniston', '36205');
insert into customer_address (CustomerAdd_ID, CustomerID, Street, State, City, Zip) values (56, 37, '9054 La Follette Park', 'Alaska', 'Fairbanks', '99790');
insert into customer_address (CustomerAdd_ID, CustomerID, Street, State, City, Zip) values (57, 27, '46179 Paget Terrace', 'Colorado', 'Colorado Springs', '80915');
insert into customer_address (CustomerAdd_ID, CustomerID, Street, State, City, Zip) values (58, 81, '0 Meadow Ridge Center', 'Alaska', 'Anchorage', '99507');
insert into customer_address (CustomerAdd_ID, CustomerID, Street, State, City, Zip) values (59, 32, '0 Cascade Drive', 'Texas', 'Corpus Christi', '78426');
insert into customer_address (CustomerAdd_ID, CustomerID, Street, State, City, Zip) values (60, 5, '5 Hallows Road', 'Louisiana', 'Metairie', '70033');
insert into customer_address (CustomerAdd_ID, CustomerID, Street, State, City, Zip) values (61, 61, '6 Beilfuss Trail', 'Tennessee', 'Memphis', '38104');
insert into customer_address (CustomerAdd_ID, CustomerID, Street, State, City, Zip) values (62, 99, '747 Loftsgordon Pass', 'Virginia', 'Springfield', '22156');
insert into customer_address (CustomerAdd_ID, CustomerID, Street, State, City, Zip) values (63, 60, '1142 Luster Avenue', 'Minnesota', 'Saint Paul', '55127');
insert into customer_address (CustomerAdd_ID, CustomerID, Street, State, City, Zip) values (64, 66, '07359 Moulton Lane', 'Kansas', 'Kansas City', '66160');
insert into customer_address (CustomerAdd_ID, CustomerID, Street, State, City, Zip) values (65, 26, '8 Farmco Parkway', 'Indiana', 'Terre Haute', '47805');
insert into customer_address (CustomerAdd_ID, CustomerID, Street, State, City, Zip) values (66, 50, '90 Morrow Road', 'Colorado', 'Englewood', '80150');
insert into customer_address (CustomerAdd_ID, CustomerID, Street, State, City, Zip) values (67, 60, '22531 Springview Way', 'District of Columbia', 'Washington', '20099');
insert into customer_address (CustomerAdd_ID, CustomerID, Street, State, City, Zip) values (68, 60, '0026 Prairie Rose Lane', 'Texas', 'El Paso', '79950');
insert into customer_address (CustomerAdd_ID, CustomerID, Street, State, City, Zip) values (69, 80, '731 Mitchell Way', 'Michigan', 'Kalamazoo', '49006');
insert into customer_address (CustomerAdd_ID, CustomerID, Street, State, City, Zip) values (70, 84, '69525 Forest Dale Park', 'Colorado', 'Colorado Springs', '80935');
insert into customer_address (CustomerAdd_ID, CustomerID, Street, State, City, Zip) values (71, 23, '634 Blaine Circle', 'Virginia', 'Richmond', '23213');
insert into customer_address (CustomerAdd_ID, CustomerID, Street, State, City, Zip) values (72, 16, '9541 Portage Center', 'New York', 'Syracuse', '13205');
insert into customer_address (CustomerAdd_ID, CustomerID, Street, State, City, Zip) values (73, 98, '35500 Ludington Crossing', 'Rhode Island', 'Providence', '02912');
insert into customer_address (CustomerAdd_ID, CustomerID, Street, State, City, Zip) values (74, 75, '12 Dexter Drive', 'Georgia', 'Valdosta', '31605');
insert into customer_address (CustomerAdd_ID, CustomerID, Street, State, City, Zip) values (75, 15, '62960 Carpenter Hill', 'Massachusetts', 'Newton', '02162');
insert into customer_address (CustomerAdd_ID, CustomerID, Street, State, City, Zip) values (76, 79, '73 Eagan Plaza', 'South Carolina', 'Spartanburg', '29305');
insert into customer_address (CustomerAdd_ID, CustomerID, Street, State, City, Zip) values (77, 58, '46652 Moland Terrace', 'Florida', 'Fort Lauderdale', '33336');
insert into customer_address (CustomerAdd_ID, CustomerID, Street, State, City, Zip) values (78, 89, '56599 Upham Alley', 'Ohio', 'Toledo', '43610');
insert into customer_address (CustomerAdd_ID, CustomerID, Street, State, City, Zip) values (79, 7, '24612 Debs Pass', 'Georgia', 'Columbus', '31904');
insert into customer_address (CustomerAdd_ID, CustomerID, Street, State, City, Zip) values (80, 15, '5 Bellgrove Parkway', 'Louisiana', 'New Orleans', '70149');
insert into customer_address (CustomerAdd_ID, CustomerID, Street, State, City, Zip) values (81, 91, '7 Summer Ridge Hill', 'Virginia', 'Falls Church', '22047');
insert into customer_address (CustomerAdd_ID, CustomerID, Street, State, City, Zip) values (82, 30, '4828 Moulton Pass', 'South Carolina', 'Greenville', '29615');
insert into customer_address (CustomerAdd_ID, CustomerID, Street, State, City, Zip) values (83, 61, '011 Hovde Trail', 'Alabama', 'Montgomery', '36177');
insert into customer_address (CustomerAdd_ID, CustomerID, Street, State, City, Zip) values (84, 75, '1 Sauthoff Hill', 'New York', 'Syracuse', '13205');
insert into customer_address (CustomerAdd_ID, CustomerID, Street, State, City, Zip) values (85, 30, '9472 Hallows Pass', 'Louisiana', 'New Orleans', '70142');
insert into customer_address (CustomerAdd_ID, CustomerID, Street, State, City, Zip) values (86, 83, '7 Debra Lane', 'District of Columbia', 'Washington', '20210');
insert into customer_address (CustomerAdd_ID, CustomerID, Street, State, City, Zip) values (87, 93, '10227 School Lane', 'Arizona', 'Tucson', '85732');
insert into customer_address (CustomerAdd_ID, CustomerID, Street, State, City, Zip) values (88, 13, '189 Orin Way', 'Louisiana', 'Lake Charles', '70616');
insert into customer_address (CustomerAdd_ID, CustomerID, Street, State, City, Zip) values (89, 99, '0 Shopko Place', 'Virginia', 'Richmond', '23272');
insert into customer_address (CustomerAdd_ID, CustomerID, Street, State, City, Zip) values (90, 66, '125 Ramsey Crossing', 'Florida', 'West Palm Beach', '33405');
insert into customer_address (CustomerAdd_ID, CustomerID, Street, State, City, Zip) values (91, 7, '212 Atwood Pass', 'California', 'Sacramento', '94263');
insert into customer_address (CustomerAdd_ID, CustomerID, Street, State, City, Zip) values (92, 20, '8 Springs Point', 'Massachusetts', 'Lynn', '01905');
insert into customer_address (CustomerAdd_ID, CustomerID, Street, State, City, Zip) values (93, 39, '853 West Avenue', 'Texas', 'San Antonio', '78245');
insert into customer_address (CustomerAdd_ID, CustomerID, Street, State, City, Zip) values (94, 24, '097 Novick Drive', 'Minnesota', 'Monticello', '55565');
insert into customer_address (CustomerAdd_ID, CustomerID, Street, State, City, Zip) values (95, 16, '52035 Grover Parkway', 'District of Columbia', 'Washington', '20016');
insert into customer_address (CustomerAdd_ID, CustomerID, Street, State, City, Zip) values (96, 74, '06611 Alpine Terrace', 'Oklahoma', 'Oklahoma City', '73119');
insert into customer_address (CustomerAdd_ID, CustomerID, Street, State, City, Zip) values (97, 79, '649 Merrick Alley', 'Ohio', 'Cleveland', '44197');
insert into customer_address (CustomerAdd_ID, CustomerID, Street, State, City, Zip) values (98, 40, '05 Carioca Street', 'District of Columbia', 'Washington', '20420');
insert into customer_address (CustomerAdd_ID, CustomerID, Street, State, City, Zip) values (99, 41, '9687 Spohn Lane', 'Delaware', 'Wilmington', '19892');
insert into customer_address (CustomerAdd_ID, CustomerID, Street, State, City, Zip) values (100, 57, '51 Melvin Pass', 'Arizona', 'Tucson', '85743');


insert into payment_type (Payment_type_ID, Payment_type_name) values (1, 'Bank Transfer');
insert into payment_type (Payment_type_ID, Payment_type_name) values (2, 'Cash On Delivery');
insert into payment_type (Payment_type_ID, Payment_type_name) values (3, 'Credit Card');
insert into payment_type (Payment_type_ID, Payment_type_name) values (4, 'GPay');
insert into payment_type (Payment_type_ID, Payment_type_name) values (5, 'Debit Card');
insert into payment_type (Payment_type_ID, Payment_type_name) values (6, 'Apple Pay');
insert into payment_type (Payment_type_ID, Payment_type_name) values (7, 'PayPal');